<?xml version="1.0" encoding="UTF-8"?>
<export><property name="keyalias" value="d0302d85-e386-4140-b2f9-f14cc19bd378"/><module id="tenants"><organization>organizations</organization></module><module id="authority"><user>jasperadmin</user><user>anonymousUser</user><user>joeuser</user><role>ROLE_ADMINISTRATOR</role><role>ROLE_USER</role><role>ROLE_ANONYMOUS</role></module><module id="repositoryResources"><folder>/</folder></module><module id="calendars"><calendar>New Years Days</calendar></module><module id="reportJobs"/><property name="pathProcessorId" value="zip"/><property name="rootTenantId" value="organizations"/><property name="jsVersion" value="7.5.0 CE"/><property name="encrypted" value="4A52534956000000103835F65FE43E1FD6FF561A2A0B98772FE001429A533DB189375F9FBDE0EE42C0"/></export>