<?xml version="1.0" encoding="UTF-8"?>
<fileResource exportedWithPermissions="true" dataFile="ui-bg_gloss-wave_55_5c9ccc_500x100.png.data">
    <folder>/themes/default/jquery-ui/images</folder>
    <name>ui-bg_gloss-wave_55_5c9ccc_500x100.png</name>
    <version>0</version>
    <label>ui-bg_gloss-wave_55_5c9ccc_500x100.png</label>
    <creationDate>2022-01-25T13:07:09.000-08:00</creationDate>
    <updateDate>2022-01-25T13:07:09.000-08:00</updateDate>
    <fileType>img</fileType>
</fileResource>
