<?xml version="1.0" encoding="UTF-8"?>
<export><property name="keyalias" value="eae6f079-1dfd-4db6-81b6-6c17d83d205c"/><module id="tenants"><organization>organizations</organization></module><module id="authority"><user>jasperadmin</user><user>anonymousUser</user><user>joeuser</user><role>ROLE_ADMINISTRATOR</role><role>ROLE_USER</role><role>ROLE_ANONYMOUS</role></module><module id="repositoryResources"><folder>/</folder></module><module id="calendars"><calendar>New Years Days</calendar></module><module id="reportJobs"/><property name="pathProcessorId" value="zip"/><property name="rootTenantId" value="organizations"/><property name="jsVersion" value="7.5.0 CE"/><property name="encrypted" value="4A5253495600000010B9F130D9EC47C6A28A4BA295013AFC7554FCB3B3458BF458D7337BD193A29998"/></export>