<?xml version="1.0" encoding="UTF-8"?>
<jdbcDataSource exportedWithPermissions="true">
    <folder>/datasources</folder>
    <name>JServerJdbcDS</name>
    <version>0</version>
    <label>JServer Jdbc Data Source</label>
    <description>JServer Jdbc Data Source</description>
    <creationDate>2022-01-25T13:07:06.118-08:00</creationDate>
    <updateDate>2022-01-25T13:07:06.118-08:00</updateDate>
    <driver>org.postgresql.Driver</driver>
    <connectionUrl>jdbc:postgresql://ci-catalogs-postgresql.jaspersoft.com:5432/suupdate</connectionUrl>
    <connectionUser>ci_agent</connectionUser>
    <connectionPassword>ENC&lt;4A52534956000000108D78886827341CCB11C93BA4AAD80027DE1A503C1606015557ABA813F1EA0D8A&gt;</connectionPassword>
</jdbcDataSource>
