<?xml version="1.0" encoding="UTF-8"?>
<jdbcDataSource exportedWithPermissions="true">
    <folder>/analysis/datasources</folder>
    <name>SugarCRMDataSource</name>
    <version>0</version>
    <label>SugarCRM Data Source</label>
    <description>SugarCRM Data Source</description>
    <creationDate>2022-01-25T13:07:06.512-08:00</creationDate>
    <updateDate>2022-01-25T13:07:06.512-08:00</updateDate>
    <driver>org.postgresql.Driver</driver>
    <connectionUrl>jdbc:postgresql://ci-catalogs-postgresql.jaspersoft.com:5432/suupdate</connectionUrl>
    <connectionUser>ci_agent</connectionUser>
    <connectionPassword>ENC&lt;4A525349560000001075497331923D554F7E91257D70F28CE03CF8ED6ED0837E010A60991B8AC627FB&gt;</connectionPassword>
</jdbcDataSource>
