<?xml version="1.0" encoding="UTF-8"?>
<folder exportedWithPermissions="true">
    <parent>/analysis</parent>
    <name>schemas</name>
    <label>Analysis Schemas</label>
    <description>Schemas used by Analysis</description>
    <creationDate>2022-01-25T13:07:06.209-08:00</creationDate>
    <updateDate>2022-01-25T13:07:06.209-08:00</updateDate>
    <resource>FoodmartSchema</resource>
    <resource>FoodmartSchemaUpper</resource>
    <resource>SugarCRMSchema</resource>
    <resource>SugarCRMSchemaUpper</resource>
</folder>
