<?xml version="1.0" encoding="UTF-8"?>
<export><property name="keyalias" value="d0302d85-e386-4140-b2f9-f14cc19bd378"/><module id="tenants"><organization>organizations</organization></module><module id="authority"><user>jasperadmin</user><user>anonymousUser</user><role>ROLE_ADMINISTRATOR</role><role>ROLE_USER</role><role>ROLE_ANONYMOUS</role></module><module id="repositoryResources"><folder>/</folder></module><module id="calendars"><calendar>New Years Days</calendar></module><module id="reportJobs"/><property name="pathProcessorId" value="zip"/><property name="rootTenantId" value="organizations"/><property name="jsVersion" value="7.5.0 CE"/><property name="encrypted" value="4A5253495600000010EC65E7167FC46A6721DB97CA313204C31C2D94FA0230504981D6619C518E11C4"/></export>